repository	origin	commit	tree	commit_date	archived	clean_status	source_archive_sha256	source_type	scoped_files	scope_receipt_sha256	paradox_lines	api_lines	all_text_paradox_lines	all_text_api_lines	use_class	review_decision	evidence	rationale
.github	https://github.com/mlr-org/.github.git	0b0474b55063a2078a1a4ff506ab56395a337383	be0e9e1d63c77f70647dbfd0c710f2702cb7944c	2024-01-22T13:21:29+01:00	false	clean	c6e9f00955dd232fa4c56942cbe98336942177b647974830a6c54324ac5f80d9	org-scan	0	e3b0c44298fc1c149afbf4c8996fb92427ae41e4649b934ca495991b7852b855	0	0	0	0	infrastructure	exclude-infrastructure	-	Organization profile metadata only; no R or documentation scan target.
batchtools	https://github.com/mlr-org/batchtools.git	ee7080fc31de21a88cf6d9bba61dbb51857d09c9	77d3b634bb29a4f8a5e447b59dc85a890d3ceda3	2025-11-26T11:15:51+01:00	false	clean	da0ee0723b3b5cca7c40963907a4f846bd3a8945dcbe2e2faac7c5c98537b4f3	org-scan	134	cb9e56e8e7c49b92c04e537e4bc07dacb8a2c31408b56b90854eefad1016dcac	0	4	0	0	no-use	exclude-no-use	R/estimateRuntimes.R:128	No paradox dependency or API use; matched ps() calls are batchtools formatting helpers.
bbotk	https://github.com/mlr-org/bbotk.git	905901b45d4dd9445efc0ffa49e663ab5ae534cb	61932a4c5f732b97ef8ac159c5cfdfb2ee523461	2026-07-02T17:46:14+02:00	false	clean	e685c8e1b7432f20d1abf3ec35342e3e51378fa4f871e628d6b49e120e6e5d34	consumer-corpus	182	bc37f3922f075c7db639ad7e23ade60171bff45c15b2927027d5a4644bf4f6c9	197	1303	324	1504	direct-package	retain-gate-p0	DESCRIPTION:16	ParamSet subclass and private ParamSetCollection child access.
binder	https://github.com/mlr-org/binder.git	b2bf4d47def67067098373549b4861dcbce18625	58660295089906ee4d1d2a1d5ea18808aa8cff50	2021-03-22T17:55:41+01:00	false	clean	ff2316e8b625f9c0644ac817d4d0b8aac0de4d2a9c11425da8d53d4baf6b3e8f	org-scan	2	a82de24b6d6134fa0192db8d60e9f145fe274be3860e35aa8f07544da1f1731d	0	31	0	93	de-facto-documentation	characterization-only	posts/2021-03-09-tune-a-support-vector-machine/tune-a-support-vector-machine.Rmd:80	A frozen 2021 tuning article exercises to_tune(), p_dbl(), dependency conditions and design generation, but is not an executable maintained package gate.
celecx	https://github.com/mlr-org/celecx.git	8fc8a8dbaf15e72010b0e721a2167c5db9984810	8ebe21db93c87b2fc09bc06ec16f5cfe7ceb6a60	2026-07-08T00:41:01+02:00	false	clean	69f6067fde95ec7defceada6d975f235674e88d335ba700f5bcb06b6545ba782	consumer-corpus	143	e7ba9fc177762a815aad223416ea7ab733768e06495477a5873ce662b6e621ad	95	2341	152	2378	direct-package	retain-gate-p1	DESCRIPTION:30	Active GitHub-only consumer.
dictionar6	https://github.com/mlr-org/dictionar6.git	8c550ba46825c894c62b81f92e3e2d62c79cc7f2	4dd0c03412de462bfc4425f8024e0d5a96ea2d95	2026-02-23T13:42:24+01:00	false	clean	d1b795ada8b4e49b46e4ef28204b2e5e050d5004270aeaf1ee3d78bac695fce2	org-scan	14	bedf0d7e9f329c354fd3946906b2bf5f42e6e95e42b3827489b2c0369400dc2a	0	0	0	0	no-use	exclude-no-use	-	No paradox dependency, mention, or API-shaped use in the reviewed scope.
distr6	https://github.com/mlr-org/distr6.git	52ec317e549c234361eee139ca2e5aefd283690d	552cf8acd53095e96de94812543c50c0754566c8	2026-02-23T13:44:03+01:00	false	clean	e5a639511c625af5124270db24b6692f24b784cf01affee259c490eeeedeb8f0	org-scan	284	03d6743107b24b59438c466dc12682bf9549b7bade17c781fbab3214a2f1cf57	0	2	0	4	no-use	exclude-no-use	R/SDistribution_Uniform.R:208	No paradox use; qunif matches are base distribution calls.
docker	https://github.com/mlr-org/docker.git	-	-	-	false	empty-no-head	e3b0c44298fc1c149afbf4c8996fb92427ae41e4649b934ca495991b7852b855	org-scan	0	e3b0c44298fc1c149afbf4c8996fb92427ae41e4649b934ca495991b7852b855	0	0	0	0	empty	exclude-empty	-	GitHub repository is empty and has no HEAD, tree, or source files.
farff	https://github.com/mlr-org/farff.git	3c86a6415f6e4d1599bce9eb6d1f7607bdee7dee	0ca19e39ac95d6c925c151611d06a2dc20f3e7d9	2021-05-10T22:43:59+02:00	false	clean	27230ad1e78ccf20432e16777c7a8e7ae035494bd0bf3687343e3c94ae9f268c	org-scan	18	790fb74fa6d3c1b14f4fb7a71d8b89e8b1c45849b08997dc0940094af4c9a632	0	0	0	0	no-use	exclude-no-use	-	No paradox dependency, mention, or API-shaped use in the reviewed scope.
libcmaesr	https://github.com/mlr-org/libcmaesr.git	8646eb0102333ba3ff9bd63b2dece42285324577	26001ac632e572d218d114e3c41c17f52860bbfa	2025-09-30T17:01:25+02:00	false	clean	012c2a635cfeeb093b76c03bb82bd644c54b39932c946d375ac820aacfec6d6f	org-scan	14	8f7198a442713db12db67ec624a53699e96f9790d4d558617e6a6a266b9d58f6	0	0	0	0	no-use	exclude-no-use	-	No paradox dependency, mention, or API-shaped use in the reviewed scope.
mbo_config	https://github.com/mlr-org/mbo_config.git	c8562d6cb74c44d33bfc321ed99dc35d045e3fa0	fa4fd62ddf1d8c0dc60fdece70d798c9f7c1515e	2026-04-29T12:56:14+02:00	false	clean	8ae3b88b98ee322f66056f70956c988a0c20734883a25feeb2a815864a4e250b	consumer-corpus	32	49b434b43cae74b1769964f5b1bb6485ecf350f418eae3eb3bd22a2c3e31b402	23	306	23	339	direct-workload	retain-gate-p1	common/mixed_objective.R:1	Realistic optimization configurations and benchmarks.
mcboost	https://github.com/mlr-org/mcboost.git	651e24d9578538f695c572a96d4f6593be670860	72f7793f320ac08c210aade66ac164474e70b8e8	2025-07-24T10:20:17+02:00	false	clean	d9a390f3fb6280836e3f1157f4e90d01df91775f325b2035ddfe86bb028cbc39	consumer-corpus	42	f76870e3a106730cb7950143a5cb6d15822e3f4fbdfbe1e67ba11905752da3f9	29	50	36	51	direct-package	retain-advisory-p2	DESCRIPTION:65	Optional consumer.
medium	https://github.com/mlr-org/medium.git	77d6ec64124d970cda9e5593549808f5b7463b09	3255413ede89e03a943cc0301a6f240136a81e3f	2021-04-20T15:49:57+02:00	false	clean	cf9be482dbee2c39e004d648f8e8695aaacc26b624aa42791756d26b2800c435	org-scan	0	e3b0c44298fc1c149afbf4c8996fb92427ae41e4649b934ca495991b7852b855	0	0	0	0	infrastructure	exclude-infrastructure	-	Non-code repository with no reviewed scan target or paradox content.
miesmuschel	https://github.com/mlr-org/miesmuschel.git	7aaca22d2fc61d8d86291b681a8ecbde21f649c5	c6361a727ece37a96ff010d9a54b7e1ddce690c9	2025-03-19T17:33:36Z	false	clean	a5873c49825742839fbe0aa19706d45bb29b4e04751103e74cabebb7232ca26a	consumer-corpus	208	60aca20cab0a2d7af92c19f707061580c9fec0fa143ca12da79c871d741c53f0	224	2177	464	2603	direct-package	retain-gate-p0	DESCRIPTION:24	ParamSet subclass and extensive private-layout compatibility code.
mlr	https://github.com/mlr-org/mlr.git	6a48aaf4e0bed23a9e7b9586d5f39174379cd6c7	be12e1debdcc8056443a0f3eb61e6fadd2f625be	2025-08-22T21:47:34+02:00	false	clean	6a5fd8f332c63b6c671fdcf267a4c6f3abd61469be755e18f7090dfc041502ca	org-scan	915	c1edcc4da61c6387af3c63037b4bdc47ff9469e30064b15f2b59b866fee64678	0	530	0	662	historical-predecessor	exclude-predecessor	DESCRIPTION:8	Legacy mlr uses ParamHelpers; ParamSet-shaped names are not paradox objects.
mlr-extralearner	https://github.com/mlr-org/mlr-extralearner.git	75432ea7100a82382a1b5245acb2199fbe053e0c	3da214616b3d9fd6c5983994dea4e7326d1cc2d7	2019-03-27T09:00:51-06:00	false	clean	165c5cd1251284d36662515f4c9104c574b08cb85f5a426dc732d018eb6861cb	org-scan	29	663ba0f20c40a85ce4c1ce4237f338908dbbd0259867916fc8c0797f2bee855d	0	18	0	18	historical-predecessor	exclude-predecessor	R/RLearner_classif_RcppHNSW.R:6	Legacy mlr learner repository uses ParamHelpers makeParamSet(), not paradox.
mlr-org-website	https://github.com/mlr-org/mlr-org-website.git	72052f9ab8c0b1e6fcaf1144f10b77587baed2bb	102917164559b9aba761ac73049d2dcc29cd59b6	2022-02-18T13:24:00+01:00	false	clean	a51b23a73a30ce2c21100ecf8ce0724f349bea2699af9f2450c26a5bf7e10616	org-scan	14	5eb3c0f9d298dfb696c46430b91709edd0a497f6a4bc9d02046ec56e91cd4b43	2	6	7	30	mention-only	exclude-mention-only	packages.Rmd:178	Historical organization website links to paradox but does not exercise its interface.
mlr-org.r-universe.dev	https://github.com/mlr-org/mlr-org.r-universe.dev.git	5c9db22b72fe1978f56387a06a2d753397311933	05141f806e194a3c42fa343c51e00c52f1340ec8	2026-04-11T14:58:01+03:00	false	clean	1cb8ea242e016b8c84ad744fd0b64c2fbcb52c4f736d3b3875d2efac08fee3b3	org-scan	0	e3b0c44298fc1c149afbf4c8996fb92427ae41e4649b934ca495991b7852b855	0	0	2	0	infrastructure	exclude-infrastructure	packages.json:93	R-universe package index lists paradox but contains no consumer source.
mlr-outreach	https://github.com/mlr-org/mlr-outreach.git	7f7a6ab1b5f0648542f1ad85e4f6d61c590bfa6f	cd831d467f12069fe8e85e0dfbb213dbcff19e61	2023-09-27T10:21:22+02:00	false	clean	b428082b8eec390aac17196ac00689f57b363b3a0dcb1cb7dc94a240c3afaab3	org-scan	33	328e1f5981fd9d5620eae264f4337dadeda050cb8e2eda02c193f94e1157aa62	35	182	111	371	direct-documentation	characterization-only	2019_embl/day_2/02 The mlr3tuning Package - Demo/mlr_tuning_tutorial.Rmd:73	2019-2020 workshop material loads paradox and documents legacy constructors; useful UI evidence, but seriously old and not a maintained executable gate.
mlr-web	https://github.com/mlr-org/mlr-web.git	a18c046984f00e9529740e84e21b6d773b649fa3	b80f71d22d29a842907cd693c0d89a8c09599989	2022-03-21T09:03:42+01:00	true	clean	ca66d2a8313d5cd1f0773d6d9495ac484e0394c8962f082bcf36e00cfdebc65f	org-scan	47	deb897cabf737516c1fb4dbcd7e463d77b7977feb02a409a16a93cb8a2009af9	2	23	7	50	mention-only	exclude-mention-only	content/post/2019-07-29-mlr3-0-1-0/index.Rmd:123	Archived historical website only links to or discusses paradox.
mlr3	https://github.com/mlr-org/mlr3.git	f70c001d526213d80059744b81fcbc420bb83017	538ff0e41995c163efbe1090754c2158a641b6a8	2026-07-02T11:33:25+02:00	false	clean	6ff7031a62757f80e0ae25996c7425f2618ccaa5f7836b46483f1357007ab836	consumer-corpus	299	16bfe044d266611bf620a49493e3b9afef14837a5f7bab159a6242681cb48563	16	476	44	563	direct-package	retain-gate-p0	DESCRIPTION:67	Core framework gate.
mlr3-learndrake	https://github.com/mlr-org/mlr3-learndrake.git	69b2b67160e67cf061b514edd724ff60b7488ade	d96197776be56b5cec87637c94144c6e85802820	2022-05-07T14:36:28+02:00	true	clean	f1e9dfca2c8ce0a23828166fe6e88c94f62c47bb0943c1b257c79d12f1859021	org-scan	25	34e9303e6fbba1b7a9d509cb130583431234fc8c8a8875f76cf10661df08864e	2	42	4	215	direct-documentation	characterization-only	01-intro/packages.R:6	Archived drake template loads paradox, but is superseded and not a maintained consumer.
mlr3-targets	https://github.com/mlr-org/mlr3-targets.git	ac1df81ee4a71781e92e39696e5239b716d05319	4d9bb7ccad26fdf7ff76c8bcc5b0db940a96547c	2022-05-08T16:13:50+02:00	false	clean	9b051adc09bf3bc7d91ae3a8821790313c85cf9f7f7170ec63c5ddaca207701e	org-scan	11	42f4ebce277fba8a52cbafb3453f9cc7fe4f953c2a53cfc9f6a31b067ba0ecfe	1	37	7	37	direct-workload	add-advisory-p2	plans/01-param-sets.R:4	Unarchived targets workload loads paradox and constructs legacy ParamSet/Param* objects; retain as an advisory compatibility workload despite its 2022 vintage.
mlr3automl	https://github.com/mlr-org/mlr3automl.git	2175e5a775d1e7cf69672052a05bd1cbe0a2a0af	0d8a43a7d614d13eaa488e7148158fd448c9a305	2026-07-02T11:41:17+02:00	false	clean	f15d1c645ce6c1e6eecb0a207b88e2477261dd455e95175d2e16634498d5fb1a	consumer-corpus	93	837d32952aed1c582e099a700406982bb42655e88ed8f25da8f54f3742523126	4	149	9	176	direct-package	retain-gate-p1	DESCRIPTION:29	Active GitHub-only consumer.
mlr3autoweka	https://github.com/mlr-org/mlr3autoweka.git	c7f93d6ce93a41c9fea4bb5876da3347c68d6083	22fe574f450e3914e44687aac3daae188324596b	2024-01-16T00:22:15-07:00	false	clean	2a14b76ddfa02141329c6be498ffc6c24f80ae1313443508befb7cf918640e5c	consumer-corpus	8	7de7f6a780275f8c166846ba1171ae1556ad7e10c1863ba6cf7913a1f949c4da	10	148	16	155	direct-package	retain-advisory-p2	DESCRIPTION:28	Secondary integration.
mlr3batchmark	https://github.com/mlr-org/mlr3batchmark.git	11dff80ca06c1f4e01bc78c4dd49c12e78208282	eed26dcd2451afd715593b585afe88aba89c5f8b	2026-07-02T11:49:54+02:00	false	clean	733e2a931fa69a14e0807283b5a27e9d3ca0ef5ba83e1b162402bdd8e27fdb97	org-scan	13	4f760c73eab010dc741a3833f22d9c4fdd71cdb0ca2ef1b2f13794aaffb193ce	0	3	5	6	de-facto-package	add-gate-p1	R/worker.R:11	Active package production code calls learner ParamSet$set_values() and tests inspect $values without declaring paradox directly.
mlr3benchmark	https://github.com/mlr-org/mlr3benchmark.git	a87e639706530e0200ab46420fa68240e1828118	0750efccd4be4c0877b24ed4e90af6d62b37da55	2024-12-02T19:32:32+01:00	false	clean	bd050330e8fb5b8f3f6b1e2edca7166ff6d6370aa3ac360f8c173dacec68371a	org-scan	12	0f63876d1f65b8fbb45e7d81a84e2a0e75383f162475b61587a418cbb9ac95eb	0	2	1	3	de-facto-documentation	add-advisory-p2	R/autoplot.BenchmarkAggr.R:69	Active package documentation assigns through learner$param_set$values; weak but current implicit-surface evidence.
mlr3book	https://github.com/mlr-org/mlr3book.git	6fa2a0abafbe2da3fff635787437d126e41279b9	deb4502f5ab5a673d92761295cf8aeec190de678	2026-07-03T10:24:22+02:00	false	clean	9ffd6fa83fca4bcae62cb3538e9338aa514010fa9582d6cffe1245b13c5545cc	consumer-corpus	46	1d0d492ce1ea0dbe4a023b137b295527e4fc3ed92f881c5d92ef8f22c96da6d4	110	801	181	907	direct-documentation	retain-gate-p0	NAMESPACE:31	Active advanced paradox chapter and broad implicit UI specification.
mlr3cheatsheets	https://github.com/mlr-org/mlr3cheatsheets.git	a751195e7cb7aa22c7c844379e1037c962e94d20	70f8a1bf2f0b0ae6c70662339ec7482164d5c2d4	2026-03-24T15:28:06+01:00	false	clean	fdf7f8c56bedde1c0dbf98a896545e6b1d8971d8aa4cfd81f9838f634f570080	consumer-corpus	5	967eda071a9f7790bbbbd0d203d1d3e24b2f517690a3181ce149500d0581d618	3	31	8	32	direct-package	retain-advisory-p2	DESCRIPTION:26	User-facing documentation surface.
mlr3cluster	https://github.com/mlr-org/mlr3cluster.git	0aa0124c307ca8b9c7647188dffc7d1da0254e0a	ce4192b6cdf40bf8df820fe8ac18fb269f441ce0	2026-07-10T19:22:04+02:00	false	clean	9fff81151dd571da7a02d545c6a2b510bbde7a40c06f147edc36bcd5d2331c18	consumer-corpus	125	5ccd11945d5e70fc6f9e8c058edf2f409d37b0c2cbe1eedd94ebd57d5618fba4	4	513	13	518	direct-package	retain-gate-p1	DESCRIPTION:27	Active extension.
mlr3cmprsk	https://github.com/mlr-org/mlr3cmprsk.git	de51006a1e417469a34d365763b201110e2966cf	ebce83ffc3e13101b638422cd40569fdcf7340d2	2026-04-11T16:04:27+03:00	false	clean	930805567e26cbfe0e77230c3a6e2ca162db756fee2a16a7879e86928b488b9b	consumer-corpus	59	45e03fd27fe3f75b61f0ff10e34c56a9e0dd3171d9c08194008f458f49b7cf5c	4	38	7	43	direct-package	retain-gate-p1	DESCRIPTION:21	Active GitHub-only consumer.
mlr3data	https://github.com/mlr-org/mlr3data.git	5aeb7e85e62d9835aee98920e22be074ea61ca73	6e88efddfefe21357fb2a0d585a2dd75c6bd4207	2026-07-02T11:41:14+02:00	false	clean	50b146789999de9066c9e4cd30f30e17c1f1ce15664e0e7718c945b13fba0b39	org-scan	24	91414078fc180118c0e0758ad070869caa290c9adbf260e0d6b72a5b83035260	0	0	5	3	transitive-template	exclude-transitive	extra-rules/mlr3.md:43	No package use; only the shared extra-rules/mlr3.md development template mentions paradox.
mlr3db	https://github.com/mlr-org/mlr3db.git	c7d40b4cfe6d135eec72796d5003f7f3acf94e20	797229cd6dfa1a28e2b1209d29bf96ff4f7b7b7b	2026-07-02T11:41:06+02:00	false	clean	e82da428726f1b674e6a040711efcc50d9128923f8f37b70a3dc350ab9a08cbf	org-scan	31	4fad02e3d76eb5022bb10934a10303f5074c9f944b1d3809b7222c483485e96e	0	5	5	8	transitive-template	exclude-transitive	extra-rules/mlr3.md:43	No package use; apparent map_* matches are mlr3misc and only the shared development template mentions paradox.
mlr3docker	https://github.com/mlr-org/mlr3docker.git	1505e4a9e17c98f90ad2844a9e07f666fd32ce53	f4b8a0376c28dc95d90e5168aa657a065a57e268	2026-06-11T12:38:10+02:00	false	clean	2d20fef0662580b28bc3fcc6d8f7294ecdb032385418922331fc8a89259f8e3a	org-scan	0	e3b0c44298fc1c149afbf4c8996fb92427ae41e4649b934ca495991b7852b855	0	0	0	0	infrastructure	exclude-infrastructure	-	Container-image repository; no R, Rmd, qmd, or script consumer surface.
mlr3ensemble	https://github.com/mlr-org/mlr3ensemble.git	5e28058a4c94a56c759f300b931bfda6c7e316ae	f7e2c030090187922cfca16ee8029b04ca477ed9	2021-10-11T12:07:10+03:00	false	clean	b7087025ca9685353a9d4a71c3547740a67d4a5b87488b7be833883b654bbccc	org-scan	6	5e88369fea67ca81edbdb40c220a918d8dc80470aeac2519e5a8ac4b1d471a8a	0	0	0	0	no-use	exclude-no-use	-	No paradox dependency, mention, or API-shaped use in the reviewed scope.
mlr3extralearners	https://github.com/mlr-org/mlr3extralearners.git	f596c7313cdf280075f033de90f42cf4f310c098	ab14db5b52cd449076aef3b3ffe6c48609b9fa5d	2026-07-03T10:12:09+02:00	false	clean	36babebd4b14dd647296a5c55c6fe2454de91a36fce41f98c500b512986d8efa	consumer-corpus	627	67c2d7faaf6ad78d0c71d1465e0ad03d482e75b92a403404bf2e6ab16c9250d2	15	5076	25	5016	direct-package	retain-gate-p1	DESCRIPTION:49	Very broad constructor coverage.
mlr3fairness	https://github.com/mlr-org/mlr3fairness.git	6946cbe78c9f39e90c06562347e8bee06eead11e	6d3d72670a3c9b52a21275b29c3761172edd552d	2026-04-24T17:17:31+02:00	false	clean	779eb6c06d2d3f6b83591385ce918ac80ffd0b325cc78f6fc1f8d25dec0f30d4	consumer-corpus	80	318970bf2d7145d5f0379ba97c85b5316a254159d576d51c24a942c68aaf983f	3	76	7	78	direct-package	retain-gate-p1	DESCRIPTION:37	Active extension.
mlr3fda	https://github.com/mlr-org/mlr3fda.git	5e6204d0d3a3c21325a71eda4402c30b31209eef	ad6ce768dc4f52c2d4a45255fe2b967e936693c4	2026-07-09T16:31:16+02:00	false	clean	535713f30f51d6ba618f1dee90b888abf9061da7a422161c5ea4c7d3b8d2d4d1	consumer-corpus	62	5b3a7ae54fdc60ddb99c0b766a04d497659a410cce746fbff42032cadad48189	4	133	10	131	direct-package	retain-gate-p1	DESCRIPTION:34	Active extension.
mlr3filters	https://github.com/mlr-org/mlr3filters.git	13318fe7b382950c0c52d90fd3801f632aa44d07	8b81bc1078eefae765a96048ad374e4f98600784	2026-07-02T11:41:12+02:00	false	clean	f8ca2dcbd330cb9583ad5d73cb905dd1acb400c44aad6a3ca4a6427520cd86c3	consumer-corpus	59	06527fcd91f22258999bdcb6b9531aa8c4d349bd56efcc0f0197bc88be4afe11	5	123	13	133	direct-package	retain-gate-p1	DESCRIPTION:34	Active extension.
mlr3forecast	https://github.com/mlr-org/mlr3forecast.git	8e352550f2334e42c8c81ee80d3e237b807abebe	0fa79e3f9d650d14c6a48e7cf3022b1518934c30	2026-07-12T22:12:15+02:00	false	clean	0d954fe66aace157c454bd2ec0a7ee36be756fe384832b0e9cde5632a6781927	consumer-corpus	190	fab2006a475ba432d379f804b2e8217fcc07fd236d5dfa08850b74ba2c677204	5	642	14	669	direct-package	retain-gate-p1	DESCRIPTION:34	Active GitHub-only consumer.
mlr3fselect	https://github.com/mlr-org/mlr3fselect.git	cd12d7717f31701edc6ebcf7f2cbe1168cae1ecb	05640b24600ad810c774069937237d4da10b7caf	2026-07-02T11:40:59+02:00	false	clean	2b1c05432ecd5b61ed001ce3003e75b9d62e612f6afeeb28f26b89f435a9f008	consumer-corpus	125	6c51d3463ab320fda0028390ebdf2b3f85fb4c273ac522eea46889526fd717e3	10	176	23	184	direct-package	retain-gate-p0	DESCRIPTION:36	Core feature-selection gate.
mlr3gallery	https://github.com/mlr-org/mlr3gallery.git	2a809d3fe6124265008fee477cf2f3d4f0e38194	9fb4337b76dc0a44b94452e8b3daa53e28ba4d72	2022-11-08T08:54:35+01:00	true	clean	d81820a10d195b94ea4af9ae49e609a563a24d8797a2447d181630f5df8b171f	consumer-corpus	55	0dfc557a7a230c5783850d9e0f5e185630414579ba0968959e899d9784623270	1	35	32	65	direct-package	retain-advisory-p2	DESCRIPTION:66	Archived legacy corpus; superseded by mlr3website.
mlr3hyperband	https://github.com/mlr-org/mlr3hyperband.git	c60678f7057150ffb889bb9ecb6c2744004a8a9e	fa011625ae36eac55a7550533892f01430c841c0	2026-07-02T11:41:02+02:00	false	clean	2bd7fdbb64be01368a4cd0a18dd27d2fdc1851d00a7e310fc8ea4553b9c90468	consumer-corpus	33	a7618fb30b563f7fa69213304bd2483718b382490ee3f171c95ccdafb8aa8133	8	177	26	211	direct-package	retain-gate-p0	DESCRIPTION:37	Core tuning extension gate.
mlr3inferr	https://github.com/mlr-org/mlr3inferr.git	12b0024b0d45cf4f2966dd623cfaa4695c9cf5db	529c6e44749384d1e25780db7b08773c9e783dd3	2025-11-26T15:50:48+01:00	false	clean	6f79a3e65e50d238e4e842185630995c7617b45e6884bfbb8152fdcb839a7230	consumer-corpus	33	dbf674d3d3acf4ebb5ac7640ab180347e77daa48d2352e9ed531206bd5c6e679	4	45	5	46	direct-package	retain-gate-p1	DESCRIPTION:25	Active extension.
mlr3infrastructure	https://github.com/mlr-org/mlr3infrastructure.git	777dca39953a5120ad73640c59ae96f5d16148a7	1c8259c72c6b953909cb744995b874e87adc0721	2026-06-22T15:42:36+02:00	false	clean	b200230650336c05c3e3eaf002593889286795385f715ac35442135834fa55fe	org-scan	1	dbaa7c7c5dee94c47e2e45e9e680c3dd13578cad1b820755bb6fe1613a4996c0	0	0	6	5	infrastructure	exclude-infrastructure	package/extra-rules/mlr3.md:43	CI/template infrastructure contains generic authoring guidance, not executable consumer behavior.
mlr3keras	https://github.com/mlr-org/mlr3keras.git	bad8434b7898b51b2143fc680594057c00dc7080	1ceeb22a257d915c2f3ba0edff9f4425dfe424af	2022-04-07T10:07:52+02:00	false	clean	ff124e001a8b4ed50caa645428939a57e2874b6cf1a32f6d7a970fb95b5f5dcb	org-scan	59	70ad86a27cb836c10c99127ab2e8b3fc7c593fdb1bf2fa4e7073e03987e4fdb9	6	360	6	388	direct-package	retain-reviewed-exclusion-p3	DESCRIPTION:40	Stale package and obsolete backend.
mlr3learners	https://github.com/mlr-org/mlr3learners.git	090109dd187b79c321e04e8948228f887f9215e6	65b928bb9d753a03b5d26b17cae884c49f674e6e	2026-07-02T11:40:57+02:00	false	clean	c46a5855e1cfbd25ef485ca88cd969de3f225879264f69e8c3c61dc537b1396b	consumer-corpus	87	1d536eba36d02389b1a7555add3101eee7c517f86174ad765596b18c3b2d6bb6	3	714	10	699	direct-package	retain-gate-p0	DESCRIPTION:39	Broad learner integration gate.
mlr3learners.template	https://github.com/mlr-org/mlr3learners.template.git	f3736eb3d828ded7c7ab0f1adb69203aa572ca3e	c04d4c94c630e3e2dbb389064a15e234945cf9e9	2020-06-03T21:59:54+02:00	false	clean	e17088f8b03a9bd43c2392e4079bca726d120985bb7d5a56656900b7930aa17c	org-scan	12	34139766b3605d4c6a8726c736cac246ffea747e7c42354149ca9e0da1e7c58a	2	5	2	5	direct-package	retain-reviewed-exclusion-p3	DESCRIPTION:17	Stale template rather than a consumer gate.
mlr3mbo	https://github.com/mlr-org/mlr3mbo.git	beea4afca5d0c4a49b733fe9c3307f677862bd3f	e4d1142f80cea61ce40d3c0938d56597570f00e2	2026-07-02T11:41:00+02:00	false	clean	d68e01d728110c328186d41bda7ff3487fd3c3fcd0c7d0fe4459b3be5ec8e356	consumer-corpus	187	0c545c6192df6110356dc6c541220c1a8a646740251f4b9095af2c7f52de4056	71	750	134	848	direct-package	retain-gate-p0	DESCRIPTION:51	Design-generation and optimization gate.
mlr3measures	https://github.com/mlr-org/mlr3measures.git	f75e8985ff3a80e9b8d45b923c0d1a435d0f31d7	902d22693c183f32dbe305086f6e0af7fa002a1b	2026-07-02T11:41:15+02:00	false	clean	5a0b9e555c34dfc38baa811a9155e3afb7d88383d5737657046172cd95cdc3a6	org-scan	80	db95f6903e74c0087075d62f88365aa9df5880c26f71b21e0c6180cbcc4d97d5	0	1	5	4	no-use	exclude-no-use	R/classif_auc.R:103	No paradox use; map_dbl is an mlr3misc helper.
mlr3misc	https://github.com/mlr-org/mlr3misc.git	4a7b3e7901816f1c0149c0e45d303ae6e2f179d2	26dad8a38fab59e5a7c34de79b96e7688707dd26	2026-07-02T11:41:09+02:00	false	clean	2ac46f38b62e8ca7a185ac95c44f4dcf769df5be86272d66089288b2e1f4efb8	consumer-corpus	132	96ca6cb6500049c8835bef36bd63a55ca7a85464fb9b0d7537f5ec84f7fb4d46	12	55	23	85	direct-package	retain-advisory-p2	DESCRIPTION:34	Core optional tests.
mlr3multilabel	https://github.com/mlr-org/mlr3multilabel.git	f994627d74abce7faf1189acf5454db53b8d036a	6fe86deea9de26d392b5f1df8a20cb2780071a49	2020-02-13T20:39:12+01:00	false	clean	33f1f8c0548c95c59ed2f3fd58e1226b54b69535e3eab738df417f5c293e4093	org-scan	0	e3b0c44298fc1c149afbf4c8996fb92427ae41e4649b934ca495991b7852b855	0	0	0	0	no-use	exclude-obsolete	-	Stale empty/non-code package shell with no paradox surface.
mlr3multioutput	https://github.com/mlr-org/mlr3multioutput.git	93fab601328d3d72197fb7f82a41fe05c837442c	7a1480363b5b740003aefe68f5aeb74b85cfa5e6	2020-11-18T08:19:39+01:00	false	clean	16b46d730a4db10c65dde45e03f3d88e3268af6a1bcc02c5353b4b9dd47aa6dd	org-scan	60	2ded5bdba53ecb6880f728083574186e32de535946e517d1a75f15367c04f3cb	6	89	7	93	direct-package	retain-reviewed-exclusion-p3	DESCRIPTION:28	Stale package.
mlr3oml	https://github.com/mlr-org/mlr3oml.git	80ab341672bc5c8253b67a9f327968f2377ecb9d	5c7d31664b32a6fa7def688b806b6a6bc6b81f15	2026-01-28T11:16:57+01:00	false	clean	a46d05160d4847d7962e2502e790fcbb8b67e556aa4f7b72a09a0138a70b830f	consumer-corpus	105	48cad265e2d2e3256dc14e6975f56f6556e721d6b3cb9c285404ae084b0c74f3	8	24	10	24	direct-package	retain-gate-p1	DESCRIPTION:31	Active OpenML integration.
mlr3ordinal	https://github.com/mlr-org/mlr3ordinal.git	026d8507baaac4e9bc44eb8c074b5b0363305122	f499f99b54008f18e3aa128ff41e94748deb5626	2022-12-08T14:33:05+01:00	false	clean	a40b981777e252a443afbab9a86fd67cb34d3cff8d774d895eac0609abba0e10	org-scan	35	a80864eda881e8d9e3ec82386b094804122e8d47c131394da4b36beb45b64ac3	3	32	3	34	direct-package	retain-reviewed-exclusion-p3	DESCRIPTION:30	Stale package.
mlr3orga	https://github.com/mlr-org/mlr3orga.git	e2173ec9005c08f0bd2e3842b632eb1cf5ed14c7	eb6374944ee0a98a13f89d01ef2a7b1e777abc30	2020-03-30T15:48:53+02:00	false	clean	e1a48117ef2723fa5120ff056ee681b43828c5f8b5366f970d4b66899a62ffd9	org-scan	1	a32ffaedc41866eb666aabd9d7144b2720cf842f7ad025b0bb0c7f065814777f	0	0	0	0	infrastructure	exclude-infrastructure	-	Organization support files only; no paradox interface use.
mlr3pipelines	https://github.com/mlr-org/mlr3pipelines.git	daebff3cc15257cdecde898fd3f0ceff5f320c53	a8401821156967230835687c955f1dca70450b99	2026-07-13T10:31:04+02:00	false	clean	7f9d7858a3a8c72cf2417e0878a6ba64aa5789f37e06a05d03168cd8f03b7dae	consumer-corpus	588	f96b82d0f5415b6839af94bdccae0e52175c9469215a5b650c7debac6ffbeadc	52	1558	81	1575	direct-package	retain-gate-p0	DESCRIPTION:75	Broad ParamSet and collection use.
mlr3pkgdowntemplate	https://github.com/mlr-org/mlr3pkgdowntemplate.git	853231d6ff3eec13b173c4eb029fa471faca5ab2	07aa50c3836b4e4727a7ea0349f65c2858a401f6	2021-12-05T15:30:01+01:00	false	clean	10d84858e1545ebd9dfd1e1b47e0b78bdd1a4afec7b292d9bbcb50eb42c0f661	org-scan	2	276e311b900188be92c9aa0da68093d2b3fef88fe1755be00d5f87027d904295	0	0	0	0	infrastructure	exclude-infrastructure	-	pkgdown template package; no paradox interface use.
mlr3proba	https://github.com/mlr-org/mlr3proba.git	327d0503b40b9373caa24d0326c1f8b2a5356415	3da4b0971a3ccfa8a0b6f141f799ec7d5727e026	2026-06-05T15:56:47+02:00	false	clean	c8ac00d1e09ba04485142c2c9ce6c62ace59d3e1c03f395c4d2991e6add254aa	consumer-corpus	197	1716449d1be8dbd2b2f7c68e5ef0b969351c97dbf8994363e125d456030e397f	5	463	11	458	direct-package	retain-gate-p1	DESCRIPTION:40	Active GitHub-only consumer.
mlr3resampling	https://github.com/mlr-org/mlr3resampling.git	9e4e423140e2f11fb4bf797e31db85842e0f647d	b90c45fd453fbf3b006dd78542ba59e817f85da6	2025-05-08T10:26:00+02:00	false	clean	fb523498582d707fb2742ba93bc5e4ef9a9eaf24a2c75040c77bced2ac018ad2	org-scan	13	29e9a52d8a4c1b68261abf99af7eb8703a59bff7924a2b808b8fbf8de7f96c0a	18	109	21	118	direct-package	covered-by-maintained-upstream-p1	R/ResamplingSameOtherCV.R:6	Organization fork imports paradox but is stale; the newer tdhock upstream is already pinned as the P1 consumer.
mlr3spatial	https://github.com/mlr-org/mlr3spatial.git	5db9c302832fe70add54a8f437fcf481e6e1f889	7e15f20d56cd6cc3fb108b783832fa632ce1b435	2026-07-02T11:41:10+02:00	false	clean	22275820f987d875590596f26e833b422c2b4f28179fd2487a6391b6db01302e	consumer-corpus	56	e59c545392cd46214f028752cf5ef2b29af701265c7d4299aa819b3663d4e3f1	3	6	9	9	direct-package	retain-advisory-p2	DESCRIPTION:38	Current extension.
mlr3spatiotempcv	https://github.com/mlr-org/mlr3spatiotempcv.git	e85ad4d0abdb921ac781d150814875c799ce6c21	bf90d5853a7d16e03a274a3bc933555ac67be52e	2026-04-23T17:24:00+02:00	false	clean	036e264171ccb734c74e144c98c56b944986cdb9bafb32426fabb84508932a42	consumer-corpus	99	4c02c109be99ef10d6ed8eba3d7dd71b2048920a62a44d169146eed8b43d77de	9	293	19	292	direct-package	retain-gate-p1	DESCRIPTION:32	Active extension.
mlr3summary	https://github.com/mlr-org/mlr3summary.git	b032464e124fa3a048f1a4c54d847086087867da	09df281767617226d5b02ce0304ae96abee9db0e	2026-02-18T09:34:29+01:00	false	clean	9c9195721cd2986d5d8688d0147a8a6ec22e8a3ab080f04daa1c1a0d0870e0ff	consumer-corpus	22	cfae7639adf6a70cb2cb81c63079a4f25ffa553b5c30a503a9925f6d1f966d7d	0	12	0	12	de-facto-package	retain-advisory-p2	R/get_complexity.R:55	Demos use tuning APIs.
mlr3survival-old	https://github.com/mlr-org/mlr3survival-old.git	a1cbd60a9ac9e8078daa837f6b99bf5ba2bbc45c	42250f07c9cd59b962e23b5f94801a195c04f6cc	2019-10-21T11:09:58+02:00	false	clean	bd4bcbecac07dc27093a1729bd9737fbb686fb7322abb25f5188d671fead6d85	org-scan	43	6a84deedbf620082097e064dfda9c307f9071497088c634ff5462ca2955b9790	4	76	4	77	direct-package	retain-reviewed-exclusion-p3	DESCRIPTION:24	Obsolete package.
mlr3temporal	https://github.com/mlr-org/mlr3temporal.git	a906052d271907b951004ddaf070a71a60b9b46a	60f3fd1e1d33e22ec45da3d99c8829206f7e8ce9	2023-06-26T13:20:58+02:00	false	clean	b97877921f38cd679b8a90f11c4daa9afe7273439d5ae8d6c6bf272fb4336754	consumer-corpus	84	656a74935104492bba36cd92a54331a3eebba7c116ceb9b055df13a4ed5578b5	4	68	5	81	direct-package	retain-advisory-p2	DESCRIPTION:29	Older but still useful source evidence.
mlr3torch	https://github.com/mlr-org/mlr3torch.git	703ce3a80a971f0d4386297f40fe248dc21988aa	8af31e8a1c3f0429dacc2e500d17deedbeecf4ec	2026-04-27T14:00:12+02:00	false	clean	61e3cc2be2c011b140c961edcabfc59bb7f23fe387e098c8bd35c7c988784b5a	consumer-corpus	296	71f954f920ee13f82bf63ce64d8ca96e494533aaa11e31f13980c1aaa58965e3	31	1302	75	1458	direct-package	retain-gate-p1	DESCRIPTION:55	Domain and ParamSet consumer.
mlr3torch-course	https://github.com/mlr-org/mlr3torch-course.git	2b554f24c89ecb68e2da968551b4622bc84f35b2	aa1b7c1ea76f56d2511368c76bc807e65aa1c3a3	2025-03-14T09:58:08+01:00	false	clean	401fd133ffa577fa087682461179c35350e44907bd12498e52cf74e0167f544a	consumer-corpus	38	a690c9f8eb56b398001a27676d822a5a33d981f36c27e917fb27ef6a24d091a6	0	19	16	48	de-facto-documentation	retain-advisory-p2	notebooks/6-mlr3torch.qmd:123	Course examples use tuning APIs.
mlr3tuning	https://github.com/mlr-org/mlr3tuning.git	b34b50947d45c2fa1d70a3eb1c7c520190a7b26e	f1b853f5f2c1c6282ffee1b10bdcd559869cbe93	2026-07-02T17:45:16+02:00	false	clean	8d0ab76260929fc563e354faa8566caa14dc75699b840718e8669dcf97a2e6f6	consumer-corpus	153	27277115c065e96a51bf7ff4ed58387428d442de6bcf4678fc18c9ecbd13398f	29	870	99	1039	direct-package	retain-gate-p0	DESCRIPTION:17	Core tuning gate.
mlr3tuningspaces	https://github.com/mlr-org/mlr3tuningspaces.git	9147e5b005ed81f887fb35d7a369163d4e464e61	39e700ccd51a14389916d9008be276be55fd6ea4	2025-08-16T14:16:04+02:00	false	clean	675892a62faf20cb367c4d6cf7baa21f0b2bb93699dd70709f5ba3329c6662bd	consumer-corpus	19	84fefc532a87792ba83b4d45a8961f2aed847ad69a78848f28106c2dfb05c616	14	187	27	209	direct-package	retain-gate-p0	DESCRIPTION:27	Large catalog of real parameter spaces.
mlr3verse	https://github.com/mlr-org/mlr3verse.git	f67dd1563dc2ccffb188a1789cb48112cf4ef835	f7f8b8169f7db6f46dace760721baf618082d26e	2026-07-02T11:41:07+02:00	false	clean	9b61d4e47e0d914ccab4cc98b18aa8b63b7d74600c5b3e637d5e6276b8829d08	consumer-corpus	19	486f5a2878866327f99788672f71fc311f160288e0681298d8a935381aa278c5	32	40	40	55	direct-package	retain-gate-p0	DESCRIPTION:39	Meta-package installation gate.
mlr3viz	https://github.com/mlr-org/mlr3viz.git	64980aefc5cd9ee95a2139c0963d2f285b4f9c73	2c147b2ab9f47300da4595dfe903411d00c0fd26	2026-07-02T11:40:38+02:00	false	clean	e95a6a9778846ebb4ccc76360463621485cd545b5199d09beaac05dd6db5dd92	consumer-corpus	65	8020f63d37ad6ccc75cdd976244c7db98f4ee4fb9971df083889bde741074c55	10	23	18	27	direct-package	retain-advisory-p2	DESCRIPTION:56	Current visualization package.
mlr3website	https://github.com/mlr-org/mlr3website.git	eec927734a7adc28f0e0070eed46d995a1ee64f4	efeb3bfd9b5cbe2de18f72bd56dcad054441952b	2026-06-25T12:24:25+02:00	false	clean	870a708425f6f7e848204e0bd31b69d81052817c7625b909f0501389f8a85292	consumer-corpus	130	6e8b0a59d5418a9b5d8f2235e0773dfa880c1a6da6ae24cf98c49aaaff79fc90	75	529	108	550	direct-documentation	retain-gate-p0	NAMESPACE:28	Current gallery successor and paradox benchmark suite.
mlrCPO	https://github.com/mlr-org/mlrCPO.git	7a2b7c50f4d831b5f594090ee3ad28e9507a4b21	989f9c799aa713e791deb299ae16944e1f0b551a	2025-06-17T17:46:54+02:00	false	clean	36bdd4603d62d0fd07a877cb83ed7f15b6ac5e9ea4f44f4f4cbe5952188e33fe	org-scan	108	9806741b23508b7a6b8ec361853a9c08777b68454287ef78f258393a66a00220	0	192	0	390	historical-predecessor	exclude-predecessor	DESCRIPTION:5	Legacy mlrCPO depends on ParamHelpers and mlr; ParamSet-shaped names are not paradox.
mlrcranlog	https://github.com/mlr-org/mlrcranlog.git	18a89d33a1f66799f8972460a0b88d20555507bf	25e1ab1c7a30a939549f7d98604e9fce7e219a56	2020-12-07T03:06:58Z	false	clean	35dd70fc37869fbf05edfa3cec421f69386452655a535372f6b6acc08634d1a9	org-scan	3	88ae74681d2a97b2f18eab8776816a90d32d78aff7809dd7b2c2d76e1f86fc91	0	0	0	0	no-use	exclude-no-use	-	CRAN download-log utility with no paradox interface use.
mlrMBO	https://github.com/mlr-org/mlrMBO.git	bcfeed6d71179ebe274928eaa84aeffa839f11b8	90e5f4ff27aaf155955da73e5b387735a82808c3	2026-03-01T09:38:21+01:00	false	clean	a86e4ff8c6f2f5c71e2776cb1cbfcbfbbe3b912a650177cfc272e5c58338e15a	org-scan	210	05471b98bd18eef92915672031c96dc33af5c8568cdb354b44b1d1e0623fbfdd	0	172	0	179	historical-predecessor	exclude-predecessor	DESCRIPTION:5	Legacy mlrMBO depends on ParamHelpers; ParamSet-shaped names are not paradox.
ooplah	https://github.com/mlr-org/ooplah.git	4d88a65d349ba524060229704adcee25ec7bf4f8	03bd55b01774cf24194082f1608382bf6c176d1e	2022-03-25T21:50:10Z	false	clean	9df3f81ff6a5052d8dedeb6f845658b3538d04ddfabe94771dfa8e730e8ec677	org-scan	23	50449a4b9503295d1cc0592b7e7457f3499e495378607bd88d1e704327de5a35	0	0	0	0	no-use	exclude-no-use	-	Independent R6 helper package with no paradox interface use.
opengeohub-summer-school-2022	https://github.com/mlr-org/opengeohub-summer-school-2022.git	72a166ae9d3b189d50975ba0ad708260b79132fa	29912d7d11040d880f9ea613debf314e10b3fa3c	2022-09-01T12:18:19+02:00	false	clean	b19eecc4079b55d7d73c0a5fd5fdce217e7f1eb0cc3e1cb4d97ba673033f9608	org-scan	12	b344353f2e2d059759777161509c323d5107ec8b592375e1188fc9e0bb449c4a	0	13	40	22	de-facto-documentation	characterization-only	mlr3-basics/hands-on/02-resampling.R:23	One-off 2022 course material exercises ps(), p_dbl(), p_int(), to_tune() and ParamSet values; retain as UI evidence, not a maintained gate.
paradox	https://github.com/mlr-org/paradox.git	06091b5b64a78807d332ec95c5cdc1aaac5899b9	abb3de86829a7e3e79aca9680d1e50da50c09dcb	2026-03-04T10:52:27+01:00	false	clean	93bd30913fdad2781e8580d2ffca319e99bd07caf495c4ad49b2d43243293d71	org-scan	104	9ea5618c2b32565f39a1ca73f9a99241a5eb4fc4a8564e8b20103a2045028668	43	2265	130	2825	self	exclude-self	DESCRIPTION:2	Upstream paradox itself is reference/baseline source, not a reverse consumer.
parallelMap	https://github.com/mlr-org/parallelMap.git	fb4bdd5950e88b781267c6e2a49ffe98af55a2b0	69c357a7f6276aa2f1f01ebfd89bfe95f2c7755c	2023-11-26T02:03:23+01:00	false	clean	a97c3b428e3d26fcade4511a039cdc70cfec441c3d8b3aa7426a49a192c8687b	org-scan	44	491f9f52ed988793e8a56682596ae1d3f5bc122f4c5813343daeeacadf94c4f4	0	0	0	0	no-use	exclude-no-use	-	Legacy parallel backend package with no paradox interface use.
param6	https://github.com/mlr-org/param6.git	82a11d441863bad20a5837ec63eff3b8f2bbbc6b	25280e11974c22f35449bd4131a4bc50231e2bdb	2026-02-23T13:43:42+01:00	false	clean	967127cb06ddf51467addc48c9bd001e6548c0fd14504bfbfb116ae41e07c787	org-scan	23	2b7830f42646284ccd1ddae5f8c57b05d446036119b3fa018a65cc20ec2261de	1	3	2	3	alternative-design	exclude-alternative	README.Rmd:141	Independent alternative parameter system only credits paradox design influence.
ParamHelpers	https://github.com/mlr-org/ParamHelpers.git	83dcb2cd2fad73404d65e99bda660520c5e3bcd0	5889d57e2c0dccb235f9b844dfa516ff421a97da	2024-12-22T20:01:14+01:00	false	clean	3e10b3b3eca116d06fd5b9f02e07a7153ed1de8c1394eb2fd8b865fef6c5d487	org-scan	128	521cd814d7a00db7c37e9d11e3883a9fde51d7c0d0b98b7b9dfbc58de5daa819	1	363	1	483	historical-predecessor	exclude-predecessor	R/generateDesign.R:139	Predecessor package; one source comment credits adapted paradox code but it does not consume paradox.
pkgsrc	https://github.com/mlr-org/pkgsrc.git	a7eff34a0ee755295589850394dd144bb9ad01d3	b92bb97033922ee6c19d462331c9156013170e48	2021-03-18T11:24:10+01:00	false	clean	f555fa87fd47221e613f9f434577efd98a527c579135b28d6a3862d3db0a3381	org-scan	2	bfe258e25ea9c442722fc6989d300638705b9e261283208679a8a7b5cdf567e2	0	0	0	0	infrastructure	exclude-infrastructure	-	Package-source infrastructure shell with no paradox interface use.
rush	https://github.com/mlr-org/rush.git	766c0ca4177f9c7657410d17c6d21e603c94fe50	78f7bfe2fa50f318401f0faec4b7bbfdded0035c	2026-07-14T16:57:54+02:00	false	clean	d233c37e3123233ba22c5f52b4925b917d37bd13502d998ffd0c73624dc2a1b0	org-scan	48	8304d6e199c3433e45aa5064054c8a368d11f4571e9154a88f07568727da603c	0	5	5	8	no-use	exclude-no-use	R/Rush.R:638	No paradox use; matched map_* calls are mlr3misc utilities.
set6	https://github.com/mlr-org/set6.git	10ca8212b71c1e03aaed51fb98ab30ce17da3882	9cb4e985276593c66bc19bd51fd989ee4d92ee23	2026-02-23T13:48:03+01:00	false	clean	14eb94079290af857e6bf4207b5029c89a314a857776939286fef4d2b399353f	org-scan	90	d7f68738038d702ecf763710fdc357a14d0defbcdf94ed6105b3cd9849d4d962	2	0	4	0	no-use	exclude-no-use	R/Set_Universal.R:11	No paradox use; prose uses the ordinary mathematical word paradox.
smashy	https://github.com/mlr-org/smashy.git	fab093584d647ff203f98fa5c9d41f540f65bb8b	6cd99c429c206253b8d283c0ae68344364408082	2024-06-24T19:50:46+02:00	false	clean	1c4a7cafe6b6e3973b3e2b7b8fd76a012ed6a953711320c5ed2ea2266c34f9a9	consumer-corpus	181	43a714412dc0b15ef11c94d2fd47cc20e5eb6545789ca178311aa7b01abb08a3	167	1963	389	2392	direct-package	retain-advisory-p2	DESCRIPTION:15	Experimental consumer pinned to an older paradox development branch.
spacefinder	https://github.com/mlr-org/spacefinder.git	8bb578e9d2126893bcc323746659c6243c198ca4	e953bfc295b183bf8d29ce7739bf45957307f209	2025-12-29T08:44:27+01:00	false	clean	b6ca2f1881e6c80bf0690cbe4ceb2c3e4aad92340de0900e895fa9a72fdf56c8	org-scan	43	929ce6223cea374cf615357dbfe61f5e42aa440cce8d1dea1693523dc8c22d65	0	0	0	0	no-use	exclude-no-use	-	Independent parameter-space analysis package with no paradox dependency or API-shaped use.
styler.mlr	https://github.com/mlr-org/styler.mlr.git	e950499afb6b28610400489f3ae6faacc6897358	3795f39573733482b01d63175d6145876cb1fa83	2024-11-05T17:02:39+01:00	false	clean	b941c8ffdc6dd7f50ce4b055ba74cf6e7bacf3bf5ba8a9e53773e2f4359b9ce9	org-scan	28	4819b026cd0ba116db9f8b23eb8e4c31a420ca78db0d30469301045cceccefce	1	0	2	0	infrastructure	exclude-infrastructure	README.Rmd:52	Style tooling only; README path detection mentions a paradox checkout name.
survdistr	https://github.com/mlr-org/survdistr.git	6573beb76e1f9c6277932766070a79f0473344bd	fa66784993607ac9e5bf8666009d134a171c5a66	2026-06-08T10:51:49+02:00	false	clean	d2a4fdf30ee626bbccb6240d763cec81747e240e1230cb97a24c5d3b9164436d	org-scan	31	90813f40cf96a879f47881b04a0650d85c455d013a679a20a1a3f1c6c2bd2a81	0	4	0	4	no-use	exclude-no-use	R/helpers.R:99	No paradox use; matched map_interp_method names are unrelated.
user2020	https://github.com/mlr-org/user2020.git	cc18c1fd392cbc5a69b74d26d70fab1ceb6156ab	800d443ee857a310cefd58efb0ebd70e626902f2	2020-08-12T16:47:49+02:00	false	clean	e406fa99e22d3c1ccad7bd2de7b45386b06c393f56a72cebdb376cec39f47683	org-scan	0	e3b0c44298fc1c149afbf4c8996fb92427ae41e4649b934ca495991b7852b855	0	0	1	0	mention-only	exclude-obsolete	README.md:50	2020 tutorial shell only lists paradox for installation; executable materials live elsewhere.
xplaineff	https://github.com/mlr-org/xplaineff.git	27e172a4d5b9ff98abfd3783cced8817d1a2a695	2dc14f75e73ab97c246451e6044cfe928b924f9c	2026-07-14T15:05:20+02:00	false	clean	9002395fde746637fe2e9d8469f2b0a809b294e51fecd5a9fc4db65743dd6f13	org-scan	65	0a6542723fd07bcb8c9cda12fc128eccf66004e0bc817d1c9a425a2f0c4c25a0	0	6	0	12	no-use	exclude-no-use	R/extract_split_info.R:40	No paradox use; matched map_lgl calls are mlr3misc helpers.
xplainfi	https://github.com/mlr-org/xplainfi.git	05a992094190ae19e981a5946205755b5cbc9346	c65c50b33ff434b36402f73b44d83a9b9c47e516	2026-07-02T19:41:44+02:00	false	clean	8f38de340b85e57751654724ffb52b9f841a1172ee803b70d3352cf206565bb9	consumer-corpus	73	8f645a1aa1c7abcedf2799a413b38c7664d3cdda739ae8383de562057b4c79c1	45	168	57	177	direct-package	retain-gate-p1	DESCRIPTION:28	Active external-style first-party consumer.
